Week,Day,Date,,,Winner/tie,,Loser/tie,PtsW,PtsL,YdsW,TOW,YdsL,TOL
1,Thu,September 10,box,W,Pittsburgh Steelers,,Tennessee Titans,13,10,357,3,320,2
1,Sun,September 13,box,W,Atlanta Falcons,,Miami Dolphins,19,7,281,0,259,4
1,Sun,September 13,box,W,Seattle Seahawks,,St. Louis Rams,28,0,446,3,247,1
1,Sun,September 13,box,W,New York Giants,,Washington Redskins,23,17,351,2,272,2
1,Sun,September 13,box,W,Baltimore Ravens,,Kansas City Chiefs,38,24,501,1,188,0
1,Sun,September 13,box,W,New York Jets,@,Houston Texans,24,7,462,1,183,2
1,Sun,September 13,box,W,New Orleans Saints,,Detroit Lions,45,27,515,3,231,3
1,Sun,September 13,box,W,Dallas Cowboys,@,Tampa Bay Buccaneers,34,21,462,0,450,0
1,Sun,September 13,box,W,San Francisco 49ers,@,Arizona Cardinals,20,16,203,1,299,2
1,Sun,September 13,box,W,Philadelphia Eagles,@,Carolina Panthers,38,10,267,2,169,7
1,Sun,September 13,box,W,Green Bay Packers,,Chicago Bears,21,15,226,0,352,4
1,Sun,September 13,box,W,Denver Broncos,@,Cincinnati Bengals,12,7,302,0,307,2
1,Sun,September 13,box,W,Minnesota Vikings,@,Cleveland Browns,34,20,310,0,268,2
1,Sun,September 13,box,W,Indianapolis Colts,,Jacksonville Jaguars,14,12,365,2,228,0
1,Mon,September 14,box,W,San Diego Chargers,@,Oakland Raiders,24,20,317,2,366,3
1,Mon,September 14,box,W,New England Patriots,,Buffalo Bills,25,24,441,1,276,1
Week,Day,Date,,,Winner/tie,,Loser/tie,PtsW,PtsL,YdsW,TOW,YdsL,TOL
2,Sun,September 20,box,W,Houston Texans,@,Tennessee Titans,34,31,420,0,449,2
2,Sun,September 20,box,W,Oakland Raiders,@,Kansas City Chiefs,13,10,166,0,409,2
2,Sun,September 20,box,W,New Orleans Saints,@,Philadelphia Eagles,48,22,421,1,463,4
2,Sun,September 20,box,W,New York Jets,,New England Patriots,16,9,254,1,299,1
2,Sun,September 20,box,W,Washington Redskins,,St. Louis Rams,9,7,362,1,245,1
2,Sun,September 20,box,W,Baltimore Ravens,@,San Diego Chargers,31,26,311,1,474,2
2,Sun,September 20,box,W,San Francisco 49ers,,Seattle Seahawks,23,10,379,0,283,1
2,Sun,September 20,box,W,Minnesota Vikings,@,Detroit Lions,27,13,265,1,265,3
2,Sun,September 20,box,W,New York Giants,@,Dallas Cowboys,33,31,427,0,378,4
2,Sun,September 20,box,W,Atlanta Falcons,,Carolina Panthers,28,20,371,2,440,2
2,Sun,September 20,box,W,Buffalo Bills,,Tampa Bay Buccaneers,33,20,438,2,353,2
2,Sun,September 20,box,W,Chicago Bears,,Pittsburgh Steelers,17,14,275,0,308,2
2,Sun,September 20,box,W,Cincinnati Bengals,@,Green Bay Packers,31,24,319,2,311,1
2,Sun,September 20,box,W,Denver Broncos,,Cleveland Browns,27,6,449,1,200,3
2,Sun,September 20,box,W,Arizona Cardinals,@,Jacksonville Jaguars,31,17,383,2,367,3
2,Mon,September 21,box,W,Indianapolis Colts,@,Miami Dolphins,27,23,356,0,403,1
Week,Day,Date,,,Winner/tie,,Loser/tie,PtsW,PtsL,YdsW,TOW,YdsL,TOL
3,Sun,September 27,box,W,Green Bay Packers,@,St. Louis Rams,36,17,402,0,336,3
3,Sun,September 27,box,W,Jacksonville Jaguars,@,Houston Texans,31,24,399,1,397,2
3,Sun,September 27,box,W,Philadelphia Eagles,,Kansas City Chiefs,34,14,420,1,196,1
3,Sun,September 27,box,W,San Diego Chargers,,Miami Dolphins,23,13,355,1,289,2
3,Sun,September 27,box,W,Minnesota Vikings,,San Francisco 49ers,27,24,377,1,246,1
3,Sun,September 27,box,W,New York Giants,@,Tampa Bay Buccaneers,24,0,397,0,86,1
3,Sun,September 27,box,W,New York Jets,,Tennessee Titans,24,17,229,2,286,4
3,Sun,September 27,box,W,Detroit Lions,,Washington Redskins,19,14,381,0,390,1
3,Sun,September 27,box,W,Denver Broncos,@,Oakland Raiders,23,3,372,1,137,3
3,Sun,September 27,box,W,Indianapolis Colts,@,Arizona Cardinals,31,10,505,1,323,3
3,Sun,September 27,box,W,Baltimore Ravens,,Cleveland Browns,34,3,479,1,186,4
3,Sun,September 27,box,W,Cincinnati Bengals,,Pittsburgh Steelers,23,20,273,0,373,1
3,Sun,September 27,box,W,Chicago Bears,@,Seattle Seahawks,25,19,318,2,346,2
3,Sun,September 27,box,W,New England Patriots,,Atlanta Falcons,26,10,445,0,257,1
3,Sun,September 27,box,W,New Orleans Saints,@,Buffalo Bills,27,7,378,1,243,2
3,Mon,September 28,box,W,Dallas Cowboys,,Carolina Panthers,21,7,449,0,271,3
Week,Day,Date,,,Winner/tie,,Loser/tie,PtsW,PtsL,YdsW,TOW,YdsL,TOL
4,Sun,October 4,box,W,Jacksonville Jaguars,,Tennessee Titans,37,17,442,1,379,3
4,Sun,October 4,box,W,New York Giants,@,Kansas City Chiefs,27,16,429,2,212,1
4,Sun,October 4,box,W,New Orleans Saints,,New York Jets,24,10,343,1,244,4
4,Sun,October 4,box,W,New England Patriots,,Baltimore Ravens,27,21,319,1,363,2
4,Sun,October 4,box,W,Pittsburgh Steelers,,San Diego Chargers,38,28,497,1,251,1
4,Sun,October 4,box,W,San Francisco 49ers,,St. Louis Rams,35,0,228,0,177,3
4,Sun,October 4,box,W,Washington Redskins,,Tampa Bay Buccaneers,16,13,277,4,229,2
4,Sun,October 4,box,W,Houston Texans,,Oakland Raiders,29,6,329,2,165,3
4,Sun,October 4,box,W,Denver Broncos,,Dallas Cowboys,17,10,337,1,315,2
4,Sun,October 4,box,W,Indianapolis Colts,,Seattle Seahawks,34,17,431,1,279,2
4,Sun,October 4,box,W,Cincinnati Bengals,@,Cleveland Browns,23,20,375,2,395,2
4,Sun,October 4,box,W,Chicago Bears,,Detroit Lions,48,24,276,0,398,2
4,Sun,October 4,box,W,Miami Dolphins,,Buffalo Bills,38,10,336,0,206,3
4,Mon,October 5,box,W,Minnesota Vikings,,Green Bay Packers,30,23,334,1,424,2
Week,Day,Date,,,Winner/tie,,Loser/tie,PtsW,PtsL,YdsW,TOW,YdsL,TOL
5,Sun,October 11,box,W,Atlanta Falcons,@,San Francisco 49ers,45,10,477,2,279,3
5,Sun,October 11,box,W,Carolina Panthers,,Washington Redskins,20,17,248,2,198,1
5,Sun,October 11,box,W,Philadelphia Eagles,,Tampa Bay Buccaneers,33,14,325,0,303,3
5,Sun,October 11,box,W,Arizona Cardinals,,Houston Texans,28,21,340,1,416,1
5,Sun,October 11,box,W,Seattle Seahawks,,Jacksonville Jaguars,41,0,379,0,199,2
5,Sun,October 11,box,W,Pittsburgh Steelers,@,Detroit Lions,28,20,344,1,335,1
5,Sun,October 11,box,W,Denver Broncos,,New England Patriots,20,17,424,2,305,1
5,Sun,October 11,box,W,Dallas Cowboys,@,Kansas City Chiefs,26,20,498,2,304,0
5,Sun,October 11,box,W,Indianapolis Colts,@,Tennessee Titans,31,9,367,2,245,2
5,Sun,October 11,box,W,Cincinnati Bengals,@,Baltimore Ravens,17,14,403,2,257,2
5,Sun,October 11,box,W,New York Giants,,Oakland Raiders,44,7,483,1,124,3
5,Sun,October 11,box,W,Cleveland Browns,@,Buffalo Bills,6,3,193,1,288,3
5,Sun,October 11,box,W,Minnesota Vikings,@,St. Louis Rams,38,10,377,1,400,4
5,Mon,October 12,box,W,Miami Dolphins,,New York Jets,31,27,413,0,309,0
Week,Day,Date,,,Winner/tie,,Loser/tie,PtsW,PtsL,YdsW,TOW,YdsL,TOL
6,Sun,October 18,box,W,New Orleans Saints,,New York Giants,48,27,493,0,325,2
6,Sun,October 18,box,W,Oakland Raiders,,Philadelphia Eagles,13,9,325,2,283,0
6,Sun,October 18,box,W,Arizona Cardinals,@,Seattle Seahawks,27,3,344,2,128,2
6,Sun,October 18,box,W,Carolina Panthers,@,Tampa Bay Buccaneers,28,21,322,3,245,2
6,Sun,October 18,box,W,Atlanta Falcons,,Chicago Bears,21,14,253,2,373,3
6,Sun,October 18,box,W,New England Patriots,,Tennessee Titans,59,0,619,0,186,5
6,Sun,October 18,box,W,Minnesota Vikings,,Baltimore Ravens,33,31,426,0,448,0
6,Sun,October 18,box,W,Kansas City Chiefs,@,Washington Redskins,14,6,268,0,265,2
6,Sun,October 18,box,W,Jacksonville Jaguars,,St. Louis Rams,23,20,492,3,262,1
6,Sun,October 18,box,W,Green Bay Packers,,Detroit Lions,26,0,435,2,149,3
6,Sun,October 18,box,W,Pittsburgh Steelers,,Cleveland Browns,27,14,543,4,197,4
6,Sun,October 18,box,W,Houston Texans,@,Cincinnati Bengals,28,17,472,2,296,3
6,Sun,October 18,box,W,Buffalo Bills,@,New York Jets,16,13,296,2,414,6
6,Mon,October 19,box,W,Denver Broncos,@,San Diego Chargers,34,23,328,0,311,1
Week,Day,Date,,,Winner/tie,,Loser/tie,PtsW,PtsL,YdsW,TOW,YdsL,TOL
7,Sun,October 25,box,W,Indianapolis Colts,@,St. Louis Rams,42,6,391,0,272,2
7,Sun,October 25,box,W,Dallas Cowboys,,Atlanta Falcons,37,21,414,1,298,3
7,Sun,October 25,box,W,New Orleans Saints,@,Miami Dolphins,46,34,414,4,334,3
7,Sun,October 25,box,W,Cincinnati Bengals,,Chicago Bears,45,10,448,0,279,4
7,Sun,October 25,box,W,Arizona Cardinals,@,New York Giants,24,17,288,2,327,4
7,Sun,October 25,box,W,San Diego Chargers,@,Kansas City Chiefs,37,7,403,0,203,3
7,Sun,October 25,box,W,Green Bay Packers,@,Cleveland Browns,31,3,460,0,139,2
7,Sun,October 25,box,W,Pittsburgh Steelers,,Minnesota Vikings,27,17,259,1,386,2
7,Sun,October 25,box,W,New England Patriots,@,Tampa Bay Buccaneers,35,7,414,2,240,3
7,Sun,October 25,box,W,Buffalo Bills,@,Carolina Panthers,20,9,167,0,425,4
7,Sun,October 25,box,W,New York Jets,@,Oakland Raiders,38,0,447,0,263,4
7,Sun,October 25,box,W,Houston Texans,,San Francisco 49ers,24,21,336,1,297,2
7,Mon,October 26,box,W,Philadelphia Eagles,@,Washington Redskins,27,17,262,0,308,4
Week,Day,Date,,,Winner/tie,,Loser/tie,PtsW,PtsL,YdsW,TOW,YdsL,TOL
8,Sun,November 1,box,W,Miami Dolphins,@,New York Jets,30,25,104,1,378,1
8,Sun,November 1,box,W,Tennessee Titans,,Jacksonville Jaguars,30,13,430,0,330,2
8,Sun,November 1,box,W,Minnesota Vikings,@,Green Bay Packers,38,26,355,2,351,0
8,Sun,November 1,box,W,St. Louis Rams,@,Detroit Lions,17,10,362,1,289,1
8,Sun,November 1,box,W,Baltimore Ravens,,Denver Broncos,30,7,292,0,200,1
8,Sun,November 1,box,W,Dallas Cowboys,,Seattle Seahawks,38,17,362,1,308,2
8,Sun,November 1,box,W,Indianapolis Colts,,San Francisco 49ers,18,14,410,0,295,2
8,Sun,November 1,box,W,Chicago Bears,,Cleveland Browns,30,6,369,1,191,5
8,Sun,November 1,box,W,Carolina Panthers,@,Arizona Cardinals,34,21,355,0,320,6
8,Sun,November 1,box,W,Philadelphia Eagles,,New York Giants,40,17,391,2,356,3
8,Sun,November 1,box,W,Houston Texans,@,Buffalo Bills,31,10,439,3,204,2
8,Sun,November 1,box,W,San Diego Chargers,,Oakland Raiders,24,16,346,2,180,1
8,Mon,November 2,box,W,New Orleans Saints,,Atlanta Falcons,35,27,437,4,442,3
Week,Day,Date,,,Winner/tie,,Loser/tie,PtsW,PtsL,YdsW,TOW,YdsL,TOL
9,Sun,November 8,box,W,Tennessee Titans,@,San Francisco 49ers,34,27,315,0,358,4
9,Sun,November 8,box,W,New England Patriots,,Miami Dolphins,27,17,432,1,334,0
9,Sun,November 8,box,W,Jacksonville Jaguars,,Kansas City Chiefs,24,21,426,1,301,0
9,Sun,November 8,box,W,Tampa Bay Buccaneers,,Green Bay Packers,38,28,279,1,404,3
9,Sun,November 8,box,W,Seattle Seahawks,,Detroit Lions,32,20,397,2,300,5
9,Sun,November 8,box,W,New Orleans Saints,,Carolina Panthers,30,20,414,2,371,3
9,Sun,November 8,box,W,Dallas Cowboys,@,Philadelphia Eagles,20,16,358,1,297,2
9,Sun,November 8,box,W,Indianapolis Colts,,Houston Texans,20,17,378,2,382,3
9,Sun,November 8,box,W,Cincinnati Bengals,,Baltimore Ravens,17,7,369,1,215,2
9,Sun,November 8,box,W,Arizona Cardinals,@,Chicago Bears,41,21,438,1,417,1
9,Sun,November 8,box,W,Atlanta Falcons,,Washington Redskins,31,17,306,1,312,1
9,Sun,November 8,box,W,San Diego Chargers,@,New York Giants,21,20,226,2,304,1
9,Mon,November 9,box,W,Pittsburgh Steelers,@,Denver Broncos,28,10,375,2,242,3
Week,Day,Date,,,Winner/tie,,Loser/tie,PtsW,PtsL,YdsW,TOW,YdsL,TOL
10,Thu,November 12,box,W,San Francisco 49ers,,Chicago Bears,10,6,216,1,350,5
10,Sun,November 15,box,W,Jacksonville Jaguars,@,New York Jets,24,22,347,1,322,3
10,Sun,November 15,box,W,Kansas City Chiefs,@,Oakland Raiders,16,10,318,3,272,2
10,Sun,November 15,box,W,Miami Dolphins,,Tampa Bay Buccaneers,25,23,374,2,301,2
10,Sun,November 15,box,W,New Orleans Saints,@,St. Louis Rams,28,23,420,3,434,1
10,Sun,November 15,box,W,San Diego Chargers,,Philadelphia Eagles,31,23,331,0,462,1
10,Sun,November 15,box,W,Minnesota Vikings,,Detroit Lions,27,10,492,2,297,1
10,Sun,November 15,box,W,Washington Redskins,,Denver Broncos,27,17,388,0,305,2
10,Sun,November 15,box,W,Green Bay Packers,,Dallas Cowboys,17,7,283,0,278,3
10,Sun,November 15,box,W,Carolina Panthers,,Atlanta Falcons,28,19,380,0,400,2
10,Sun,November 15,box,W,Tennessee Titans,,Buffalo Bills,41,17,378,1,296,2
10,Sun,November 15,box,W,Cincinnati Bengals,@,Pittsburgh Steelers,18,12,218,0,226,1
10,Sun,November 15,box,W,Indianapolis Colts,,New England Patriots,35,34,407,2,477,2
10,Sun,November 15,box,W,Arizlphins,@,Carolina Panthers,24,17,326,0,383,1
11,Sun,November 22,box,W,San Diego Chargers,@,Denver Broncos,32,3,348,0,271,3
11,Sun,November 22,box,W,Green Bay Packers,,San Francisco 49ers,30,24,484,0,284,1
11,Sun,November 22,box,W,Kansas City Chiefs,,Pittsburgh Steelers,27,24,282,1,516,3
11,Sun,November 22,box,W,Minnesota Vikings,,Seattle Seahawks,35,9,431,0,212,2
11,Sun,November 22,box,W,New Orleans Saints,@,Tampa Bay Buccaneers,38,7,370,0,219,4
11,Sun,November 22,box,W,New England Patriots,,New York Jets,31,14,410,1,226,5
11,Sun,November 22,box,W,Dallas Cowboys,,Washington Redskins,7,6,305,2,324,1
11,Sun,November 22,box,W,Arizona Cardinals,@,St. Louis Rams,21,13,444,2,314,1
11,Sun,November 22,box,W,Indianapolis Colts,@,Baltimore Ravens,17,15,375,3,354,2
11,Sun,November 22,box,W,Detroit Lions,,Cleveland Browns,38,37,473,2,439,0
11,Sun,November 22,box,W,Oakland Raiders,,Cincinnati Bengals,20,17,275,3,348,4
11,Sun,November 22,box,W,Philadelphia Eagles,@,Chicago Bears,24,20,377,3,284,1
11,Sun,November 22,box,W,Jacksonville Jaguars,,Buffalo Bills,18,15,310,2,343,3
11,Sun,November 22,box,W,New York Giants,,Atlanta Falcons,34,31,456,1,352,1
11,Mon,November 23,box,W,Tennessee Titans,@,Houston Texans,20,17,344,1,340,0
Week,Day,Date,,,Winner/tie,,Loser/tie,PtsW,PtsL,YdsW,TOW,YdsL,TOL
12,Thu,November 26,box,W,Green Bay Packers,@,Detroit Lions,34,12,422,2,272,5
12,Thu,November 26,box,W,Denver Broncos,,New York Giants,26,6,373,1,267,3
12,Thu,November 26,box,W,Dallas Cowboys,,Oakland Raiders,24,7,494,0,305,1
12,Sun,November 29,box,W,Baltimore Ravens,,Pittsburgh Steelers,20,17,393,2,298,1
12,Sun,November 29,box,W,Philadelphia Eagles,,Washington Redskins,27,24,381,1,303,2
12,Sun,November 29,box,W,San Diego Chargers,,Kansas City Chiefs,43,14,426,1,284,4
12,Sun,November 29,box,W,San Francisco 49ers,,Jacksonville Jaguars,20,3,284,0,357,2
12,Sun,November 29,box,W,Seattle Seahawks,@,St. Louis Rams,27,17,265,1,364,2
12,Sun,November 29,box,W,Buffalo Bills,,Miami Dolphins,31,14,336,1,325,4
12,Sun,November 29,box,W,Tennessee Titans,,Arizona Cardinals,20,17,532,1,292,0
12,Sun,November 29,box,W,Atlanta Falcons,,Tampa Bay Buccaneers,20,17,297,1,318,1
12,Sun,November 29,box,W,New York Jets,,Carolina Panthers,17,6,283,3,179,4
12,Sun,November 29,box,W,Minnesota Vikings,,Chicago Bears,36,10,537,1,169,3
12,Sun,November 29,box,W,Cincinnati Bengals,,Cleveland Browns,16,7,306,0,169,0
12,Sun,November 29,box,W,Indianapolis Colts,@,Houston Texans,35,27,342,2,396,3
12,Mon,November 30,box,W,New Orleans Saints,,New England Patriots,38,17,480,1,366,3
Week,Day,Date,,,Winner/tie,,Loser/tie,PtsW,PtsL,YdsW,TOW,YdsL,TOL
13,Thu,December 3,box,W,New York Jets,@,Buffalo Bills,19,13,331,0,194,2
13,Sun,December 6,box,W,Denver Broncos,@,Kansas City Chiefs,44,13,413,3,222,3
13,Sun,December 6,box,W,Jacksonville Jaguars,,Houston Texans,23,18,323,1,305,3
13,Sun,December 6,box,W,Miami Dolphins,,New England Patriots,22,21,416,1,448,2
13,Sun,December 6,box,W,New Orleans Saints,@,Washington Redskins,33,30,463,1,455,4
13,Sun,December 6,box,W,Oakland Raiders,@,Pittsburgh Steelers,27,24,396,0,401,1
13,Sun,December 6,box,W,Seattle Seahawks,,San Francisco 49ers,20,17,292,1,356,2
13,Sun,December 6,box,W,New York Giants,,Dallas Cowboys,31,24,337,2,424,1
13,Sun,December 6,box,W,Arizona Cardinals,,Minnesota Vikings,30,17,398,1,315,2
13,Sun,December 6,box,W,Philadelphia Eagles,@,Atlanta Falcons,34,7,380,0,295,3
13,Sun,December 6,box,W,Carolina Panthers,,Tampa Bay Buccaneers,16,6,309,2,469,5
13,Sun,December 6,box,W,Chicago Bears,,St. Louis Rams,17,9,248,1,233,2
13,Sun,December 6,box,W,Cincinnati Bengals,,Detroit Lions,23,13,321,3,245,2
13,Sun,December 6,box,W,San Diego Chargers,@,Cleveland Browns,30,23,477,0,372,1
13,Sun,December 6,box,W,Indianapolis Colts,,Tennessee Titans,27,17,358,0,375,2
13,Mon,December 7,box,W,Green Bay Packers,,Baltimore Ravens,27,14,350,3,185,4
Week,Day,Date,,,Winner/tie,,Loser/tie,PtsW,PtsL,YdsW,TOW,YdsL,TOL
14,Thu,December 10,box,W,Cleveland Browns,,Pittsburgh Steelers,13,6,255,0,218,0
14,Sun,December 13,box,W,Houston Texans,,Seattle Seahawks,34,7,450,2,282,1
14,Sunms,28,6,329,0,109,0
17,Sun,January 3,box,W,Baltimore Ravens,@,Oakland Raiders,21,13,330,0,325,2
17,Sun,January 3,box,W,Tennessee Titans,@,Seattle Seahawks,17,13,304,2,309,1
17,Sun,January 3,box,W,Minnesota Vikings,,New York Giants,44,7,487,0,181,2
17,Sun,January 3,box,W,Pittsburgh Steelers,@,Miami Dolphins,30,24,403,2,303,3
17,Sun,January 3,box,W,Houston Texans,,New England Patriots,34,27,439,1,317,2
17,Sun,January 3,box,W,Kansas City Chiefs,@,Denver Broncos,44,24,524,2,512,3
17,Sun,January 3,box,W,Dallas Cowboys,,Philadelphia Eagles,24,0,474,1,228,1
17,Sun,January 3,box,W,Atlanta Falcons,@,Tampa Bay Buccaneers,20,10,397,3,206,2
17,Sun,January 3,box,W,Buffalo Bills,,Indianapolis Colts,30,7,403,0,157,3
17,Sun,January 3,box,W,Carolina Panthers,,New Orleans Saints,23,10,327,0,213,3
17,Sun,January 3,box,W,Chicago Bears,@,Detroit Lions,37,23,418,0,349,2
17,Sun,January 3,box,W,New York Jets,,Cincinnati Bengals,37,0,320,0,72,3
17,Sun,January 3,box,W,Cleveland Browns,,Jacksonville Jaguars,23,17,300,1,328,1
17,Sun,January 3,box,W,Green Bay Packers,@,Arizona Cardinals,33,7,345,1,187,3
,,Playoffs,,,,,,,,,,,
WildCard,Sat,January 9,box,W,New York Jets,@,Cincinnati Bengals,24,14,353,0,281,2
WildCard,Sat,January 9,box,W,Dallas Cowboys,,Philadelphia Eagles,34,14,426,1,340,4
WildCard,Sun,January 10,box,W,Baltimore Ravens,@,New England Patriots,33,14,268,2,196,4
WildCard,Sun,January 10,box,W,Arizona Cardinals,,Green Bay Packers,51,45,531,1,493,3
Division,Sat,January 16,box,W,Indianapolis Colts,,Baltimore Ravens,20,3,275,1,270,4
Division,Sat,January 16,box,W,New Orleans Saints,,Arizona Cardinals,45,14,418,0,359,2
Division,Sun,January 17,box,W,Minnesota Vikings,,Dallas Cowboys,34,3,323,0,248,3
Division,Sun,January 17,box,W,New York Jets,@,San Diego Chargers,17,14,262,1,344,2
ConfChamp,Sun,January 24,box,W,Indianapolis Colts,,New York Jets,30,17,461,1,388,1
ConfChamp,Sun,January 24,box,W,New Orleans Saints,,Minnesota Vikings,31,28,257,1,475,5
SuperBowl,Sun,February 7,box,W,New Orleans Saints,N,Indianapolis Colts,31,17,332,0,432,1
